"playerID","yearID","AB","H","BB","HBP","X2B","X3B","HR","SF","Games","POS","birthYear","birthMonth","birthDay","Age","Age_centered","SLG","OBP","wRC_plus"
"batesja01",1995,322,86,42,2,17,4,8,0,251,"2B",1971,1,5,24,-6,0.419254658385093,0.355191256830601,118.43753181957
"bicheda01",1995,579,197,22,4,38,2,40,7,905,"OF",1963,11,18,31,1,0.620034542314335,0.36437908496732,146.192725794981
"britojo01",1995,51,11,2,1,3,0,0,0,26,"C",1966,6,22,29,-1,0.274509803921569,0.259259259259259,82.3529411764706
"burksel01",1995,278,74,39,2,10,6,14,1,726,"OF",1964,9,11,30,0,0.496402877697842,0.359375,129.219874100719
"castivi02",1995,527,163,30,4,34,2,32,6,1659,"3B",1967,7,4,27,-3,0.563567362428843,0.347442680776014,135.803439655432
"galaran01",1995,554,155,32,13,29,3,31,5,962,"1B",1961,6,18,34,4,0.510830324909747,0.33112582781457,126.01059124489
"girarjo01",1995,462,121,29,2,17,2,8,1,771,"C",1964,10,14,30,0,0.359307359307359,0.307692307692308,102.094572094572
"hubbatr01",1995,58,18,8,0,4,0,3,0,327,"OF",1964,5,11,31,1,0.53448275862069,0.393939393939394,140.391849529781
"kingemi01",1995,350,94,45,0,18,4,8,1,196,"1B",1961,3,29,34,4,0.411428571428571,0.351010101010101,116.667532467532
"mejiaro02",1995,52,8,0,1,1,0,1,1,20,"2B",1972,4,14,23,-7,0.230769230769231,0.166666666666667,60
"vandejo02",1995,101,35,16,0,8,1,5,1,583,"1B",1966,4,29,29,-1,0.594059405940594,0.432203389830508,155.024332941769
"walkela01",1995,494,151,49,14,31,5,36,5,1229,"OF",1966,12,1,28,-2,0.607287449392713,0.380782918149466,147.488293687957
"weisswa01",1995,427,111,98,5,17,3,1,1,677,"SS",1963,11,28,31,1,0.320843091334895,0.4030131826742,114.251974754892
"younger01",1995,366,116,49,5,21,9,6,1,1322,"2B",1967,5,18,28,-2,0.472677595628415,0.403800475059382,134.132172942383
"anthoer01",1996,62,15,10,0,2,0,4,1,118,"1B",1967,11,8,28,-2,0.467741935483871,0.342465753424658,122.450287229342
"batesja01",1996,160,33,23,2,8,1,1,1,251,"2B",1971,1,5,25,-5,0.2875,0.311827956989247,93.5040322580645
"bicheda01",1996,633,198,45,6,39,3,31,10,905,"OF",1963,11,18,32,2,0.530805687203792,0.358789625360231,133.586871901334
"burksel01",1996,613,211,61,6,45,8,40,2,726,"OF",1964,9,11,31,1,0.639477977161501,0.407624633431085,156.50457104859
"castivi02",1996,629,191,35,5,34,0,40,4,1659,"3B",1967,7,4,28,-2,0.548489666136725,0.343239227340267,133.086717519022
"galaran01",1996,626,190,40,17,39,3,47,8,962,"1B",1961,6,18,35,5,0.600638977635783,0.357452966714906,142.424601101335
"hubbatr01",1996,60,13,9,1,5,1,1,0,327,"OF",1964,5,11,32,2,0.383333333333333,0.328571428571429,108.97619047619
"mccraqu01",1996,283,82,32,1,13,6,3,1,711,"OF",1970,8,16,25,-5,0.409893992932862,0.362776025236593,118.585903623859
"owensja02",1996,180,43,27,1,9,1,4,2,84,"C",1969,2,10,27,-3,0.366666666666667,0.338095238095238,108.52380952381
"reedje02",1996,341,97,43,2,20,1,8,3,487,"C",1962,11,12,33,3,0.419354838709677,0.365038560411311,120.223069906294
"reynoar02",1996,52,9,5,0,1,0,0,0,150,"P",1966,5,1,30,0,0.192307692307692,0.245614035087719,69.2105263157895
"ritzke01",1996,65,15,7,0,2,0,1,0,86,"P",1965,6,8,31,1,0.307692307692308,0.305555555555556,95
"thompma01",1996,58,8,1,0,3,0,0,0,92,"P",1971,4,7,25,-5,0.189655172413793,0.152542372881356,52.1127995324372
"vandejo02",1996,151,38,19,1,6,2,5,2,583,"1B",1966,4,29,30,0,0.417218543046358,0.335260115606936,114.585231405275
"walkela01",1996,272,75,20,9,18,4,18,3,1229,"OF",1966,12,1,29,-1,0.569852941176471,0.342105263157895,135.659829721362
"weisswa01",1996,517,146,80,6,20,2,8,6,677,"SS",1963,11,28,32,2,0.375241779497099,0.380952380952381,117.352859906051
"younger01",1996,568,184,47,21,23,4,8,5,1322,"2B",1967,5,18,29,-1,0.420774647887324,0.393135725429017,125.465134802575
"bailero01",1997,62,13,2,0,1,0,0,0,92,"P",1970,10,3,26,-4,0.225806451612903,0.234375,71.5423387096774
"batesja01",1997,121,29,15,3,10,0,3,0,251,"2B",1971,1,5,26,-4,0.396694214876033,0.338129496402878,112.433557286402
"bicheda01",1997,561,173,30,3,31,2,26,7,905,"OF",1963,11,18,33,3,0.509803921568627,0.342762063227953,127.971681184953
"burksel01",1997,424,123,47,3,19,2,32,2,726,"OF",1964,9,11,32,2,0.570754716981132,0.36344537815126,139.618281274774
"castivi02",1997,612,186,44,8,25,2,40,4,1659,"3B",1967,7,4,29,-1,0.547385620915033,0.356287425149701,135.2918672459
"galaran01",1997,600,191,54,17,31,3,41,3,962,"1B",1961,6,18,36,6,0.585,0.388724035608309,146.020326409496
"heltoto01",1997,93,26,8,0,2,1,5,0,2193,"1B",1973,8,20,23,-7,0.483870967741935,0.336633663366337,123.497285212392
"manwaki01",1997,337,76,30,2,6,4,1,2,456,"C",1965,7,15,31,1,0.275964391691395,0.291105121293801,88.2742927527654
"mccraqu01",1997,325,95,42,1,11,1,3,1,711,"OF",1970,8,16,26,-4,0.36,0.373983739837398,114.117073170732
"perezne01",1997,313,91,21,1,13,10,5,4,1392,"2B",1973,6,2,24,-6,0.44408945686901,0.333333333333333,117.731629392971
"pulliha01",1997,67,19,5,0,3,0,3,0,37,"OF",1967,10,20,29,-1,0.462686567164179,0.333333333333333,120.149253731343
"reedje02",1997,256,76,35,2,10,0,17,0,487,"C",1962,11,12,34,4,0.53515625,0.385665529010239,138.990107721843
"vandejo02",1997,92,16,10,0,2,0,1,0,583,"1B",1966,4,29,31,1,0.228260869565217,0.254901960784314,75.5562659846547
"walkela01",1997,568,208,78,14,46,4,49,4,1229,"OF",1966,12,1,30,0,0.720070422535211,0.451807228915663,174.934456134397
"weisswa01",1997,393,106,66,2,23,5,4,1,677,"SS",1963,11,28,33,3,0.384223918575064,0.376623376623377,117.741317206966
"younger01",1997,468,132,57,5,29,6,6,5,1322,"2B",1967,5,18,30,0,0.408119658119658,0.362616822429907,118.326583592939
"abbotku01",1998,71,18,2,1,6,0,3,2,496,"SS",1969,6,2,29,-1,0.464788732394366,0.276315789473684,110.159377316531
"astacpe01",1998,62,8,0,2,2,0,0,0,327,"P",1968,11,28,29,-1,0.161290322580645,0.15625,49.0927419354839
"batesja01",1998,74,14,8,0,3,0,0,0,251,"2B",1971,1,5,27,-3,0.22972972972973,0.268292682926829,78.1575477916941
"bicheda01",1998,662,219,28,1,48,2,22,4,905,"OF",1963,11,18,34,4,0.509063444108761,0.356834532374101,130.408463561477
"burksel01",1998,357,102,39,2,22,5,16,5,726,"OF",1964,9,11,33,3,0.509803921568627,0.354838709677419,130.145477545857
"castivi02",1998,645,206,40,6,28,4,46,6,1659,"3B",1967,7,4,30,0,0.589147286821705,0.36154949784792,141.668056899447
"colbrgr01",1998,122,38,8,1,8,2,2,0,615,"1B",1969,7,26,28,-2,0.459016393442623,0.358778625954198,124.252283819297
"goodwcu01",1998,159,39,16,0,7,0,1,1,366,"OF",1972,9,30,25,-5,0.308176100628931,0.3125,96.312893081761
"hamilda02",1998,194,65,23,1,9,1,5,1,722,"OF",1964,12,3,33,3,0.469072164948454,0.406392694063927,134.130066374806
"heltoto01",1998,530,167,53,6,37,1,25,5,2193,"1B",1973,8,20,24,-6,0.530188679245283,0.38047138047138,137.409376786735
"kileda01",1998,71,18,4,0,5,0,0,0,244,"P",1968,12,2,29,-1,0.323943661971831,0.293333333333333,94.912676056338
"lansimi01",1998,584,161,39,5,39,2,12,3,868,"2B",1968,4,3,30,0,0.410958904109589,0.324881141045959,111.903262922519
"manwaki01",1998,291,72,38,3,12,3,2,1,456,"C",1965,7,15,32,2,0.329896907216495,0.339339339339339,103.967679019225
"perezne01",1998,647,177,38,1,25,9,9,4,1392,"2B",1973,6,2,25,-5,0.381761978361669,0.31304347826087,105.976883273974
"reedje02",1998,259,75,37,1,17,1,9,3,487,"C",1962,11,12,35,5,0.467181467181467,0.376666666666667,128.533590733591
"vandejo02",1998,104,30,16,0,10,1,5,1,583,"1B",1966,4,29,32,2,0.548076923076923,0.380165289256198,139.679752066116
"walkela01",1998,454,165,64,4,46,3,23,2,1229,"OF",1966,12,1,31,1,0.629955947136564,0.444656488549618,161.932441066685
"wrighja01",1998,57,10,3,0,2,1,1,0,719,"P",1974,12,24,23,-7,0.298245614035088,0.216666666666667,77.7719298245614
"abbotku01",1999,286,78,16,0,17,2,8,1,496,"SS",1969,6,2,30,0,0.43006993006993,0.31023102310231,111.750675067507
"astacpe01",1999,86,20,1,0,2,1,0,0,327,"P",1968,11,28,30,0,0.27906976744186,0.241379310344828,79.7273456295108
"barryje01",1999,168,45,19,2,16,0,5,3,68,"OF",1969,9,22,29,-1,0.452380952380952,0.34375,120.684523809524
"bicheda01",1999,593,177,54,2,38,2,34,10,905,"OF",1963,11,18,35,5,0.541315345699831,0.353566009104704,134.012876579825
"blanche01",1999,263,61,34,1,12,3,6,2,927,"1B",1971,8,29,27,-3,0.368821292775665,0.32,105.546768060837
"bohanbr01",1999,71,14,5,0,2,0,1,0,217,"P",1968,8,1,30,0,0.267605633802817,0.25,79.7887323943662
"castivi02",1999,615,169,53,1,24,1,33,5,1659,"3B",1967,7,4,31,1,0.478048780487805,0.330860534124629,121.701237605848
"clemeed02",1999,162,41,7,0,10,2,8,1,88,"OF",1975,12,15,23,-7,0.487654320987654,0.282352941176471,114.21859114016
"echevan01",1999,191,56,17,3,7,0,11,0,167,"OF",1971,5,25,28,-2,0.50261780104712,0.360189573459716,130.174437358874
"hamilda02",1999,337,102,38,1,11,3,4,1,722,"OF",1964,12,3,34,4,0.388724035608309,0.374005305039788,117.855079536242
"harrile01",1999,158,47,6,0,12,0,0,0,582,"1B",1964,10,28,34,4,0.373417721518987,0.323170731707317,106.715035504785
"heltoto01",1999,578,185,68,6,39,5,35,4,2193,"1B",1973,8,20,25,-5,0.586505190311419,0.394817073170732,147.312747911216
"kileda01",1999,52,7,4,0,0,0,0,0,244,"P",1968,12,2,30,0,0.134615384615385,0.196428571428571,52.8571428571429
"lansimi01",1999,145,45,7,1,9,0,4,1,868,"2B",1968,4,3,31,1,0.455172413793103,0.344155844155844,121.120465741155
"manwaki01",1999,137,41,12,5,7,1,2,1,456,"C",1965,7,15,33,3,0.408759124087591,0.374193548387097,120.493524841064
"perezne01",1999,690,193,28,1,27,11,12,4,1392,"2B",1973,6,2,26,-4,0.402898550724638,0.307053941908714,107.646521137771
"petribe01",1999,62,20,10,0,3,0,4,0,219,"C",1977,4,7,22,-8,0.564516129032258,0.416666666666667,148.387096774194
"reedje02",1999,106,27,17,1,5,0,2,1,487,"C",1962,11,12,36,6,0.358490566037736,0.36,111.403773584906
"sextoch01",1999,59,14,11,0,0,1,1,0,58,"2B",1971,8,3,27,-3,0.322033898305085,0.357142857142857,106.150121065375
"shumpte01",1999,262,91,31,2,26,3,10,5,422,"2B",1966,8,16,32,2,0.583969465648855,0.413333333333333,150.316030534351
"walkela01",1999,438,166,57,12,26,4,37,6,1229,"OF",1966,12,1,32,2,0.710045662100457,0.458089668615984,174.762076423937
"astacpe01",2000,82,8,1,0,0,0,0,0,327,"P",1968,11,28,31,1,0.0975609756097561,0.108433734939759,32.2009991184249
"bohanbr01",2000,53,11,2,0,3,0,2,1,217,"P",1968,8,1,31,1,0.377358490566038,0.232142857142857,90.8423180592992
"braggda01",2000,149,33,17,0,7,1,3,3,760,"OF",1969,9,7,30,0,0.342281879194631,0.29585798816568,97.7510821651245
"cirilje01",2000,598,195,67,6,53,2,11,12,1477,"1B",1969,9,23,30,0,0.476588628762542,0.392386530014641,132.586097141766
"fryeje01",2000,87,31,8,1,6,0,0,1,516,"2B",1966,8,31,33,3,0.425287356321839,0.412371134020619,129.51416044555
"goodwto01",2000,317,86,50,1,8,8,5,4,1029,"OF",1968,7,27,31,1,0.394321766561514,0.368279569892473,117.552152233642
"hammoje01",2000,454,152,44,5,24,2,20,6,782,"OF",1971,3,5,29,-1,0.52863436123348,0.394891944990177,139.803017058584
"heltoto01",2000,580,216,103,4,59,2,42,10,2193,"1B",1973,8,20,26,-4,0.698275862068966,0.463414634146341,174.190496215307
"hollato01",2000,167,54,11,0,8,0,11,0,966,"OF",1973,4,20,27,-3,0.568862275449102,0.365168539325843,139.682432887035
"huntebr02",2000,200,55,21,1,4,1,1,0,890,"OF",1971,3,5,29,-1,0.32,0.346846846846847,104.032432432432
"huskebu01",2000,92,32,16,0,8,0,4,3,506,"3B",1971,11,10,28,-2,0.565217391304348,0.432432432432432,151.316098707403
"lansimi01",2000,365,94,31,0,14,6,11,1,868,"2B",1968,4,3,32,2,0.419178082191781,0.314861460957179,111.168213657224
"maynebr01",2000,335,101,47,1,21,0,6,8,889,"C",1968,4,19,32,2,0.417910447761194,0.381074168797954,122.921708592587
"perezne01",2000,651,187,30,0,39,11,10,11,1392,"2B",1973,6,2,27,-3,0.427035330261137,0.313583815028902,111.95967963915
"petribe01",2000,146,47,20,2,10,1,3,4,219,"C",1977,4,7,23,-7,0.465753424657534,0.401162790697674,132.757247531061
"pierrju01",2000,200,62,13,1,2,0,0,1,1831,"OF",1977,8,14,22,-8,0.32,0.353488372093023,105.227906976744
"servasc01",2000,101,22,7,1,4,0,1,1,549,"C",1967,6,4,33,3,0.287128712871287,0.272727272727273,86.4176417641764
"shumpte01",2000,263,68,28,6,11,7,9,3,422,"2B",1966,8,16,33,3,0.456273764258555,0.34,120.515589353612
"walkela01",2000,314,97,46,9,21,7,9,3,1229,"OF",1966,12,1,33,3,0.506369426751592,0.408602150537634,139.376412574481
"walketo04",2000,171,54,20,1,10,4,7,3,1152,"2B",1973,5,25,27,-3,0.543859649122807,0.384615384615385,139.932523616734
"bennega01",2001,55,15,3,1,3,0,1,1,560,"C",1972,4,17,29,-1,0.381818181818182,0.316666666666667,106.636363636364
"butlebr02",2001,119,29,7,1,7,1,1,2,192,"2B",1978,2,11,23,-7,0.34453781512605,0.286821705426357,96.4178229431307
"cirilje01",2001,528,165,43,5,26,4,17,9,1477,"1B",1969,9,23,31,1,0.473484848484849,0.364102564102564,127.091491841492
"cruzja01",2001,76,16,10,1,1,0,1,2,189,"OF",1973,1,28,28,-2,0.263157894736842,0.303370786516854,88.8172678888232
"encarma01",2001,62,14,5,0,1,0,0,0,22,"OF",1975,9,24,25,-5,0.241935483870968,0.283582089552239,82.4963890226288
"fasansa01",2001,63,16,4,3,5,0,3,0,423,"C",1971,8,10,29,-1,0.476190476190476,0.328571428571429,121.047619047619
"gantro01",2001,171,44,24,0,8,2,8,2,854,"OF",1965,3,2,36,6,0.467836257309941,0.345177664974619,122.950693145724
"hamptmi01",2001,79,23,2,0,2,0,7,0,362,"P",1972,9,9,28,-2,0.582278481012658,0.308641975308642,131.251758087201
"heltoto01",2001,587,197,98,5,54,2,49,5,2193,"1B",1973,8,20,27,-3,0.684838160136286,0.431654676258993,166.726802544336
"hollato01",2001,117,43,8,0,15,1,6,0,966,"OF",1973,4,20,28,-2,0.666666666666667,0.408,160.106666666667
"littlma01",2001,85,29,1,4,6,0,3,0,96,"OF",1972,7,11,28,-2,0.517647058823529,0.377777777777778,135.294117647059
"maynebr01",2001,160,53,16,0,7,0,0,3,889,"C",1968,4,19,33,3,0.375,0.385474860335196,118.135474860335
"melhuad01",2001,71,13,6,0,2,0,1,2,229,"1B",1972,3,27,29,-1,0.253521126760563,0.240506329113924,76.2488857193796
"neaglde01",2001,56,11,2,1,4,0,2,1,256,"P",1968,9,13,32,2,0.375,0.233333333333333,90.75
"nortogr01",2001,225,60,19,0,13,2,13,2,606,"3B",1972,7,6,28,-2,0.515555555555556,0.321138211382114,124.827100271003
"ochoaal01",2001,187,47,21,2,10,3,1,2,673,"OF",1972,3,29,29,-1,0.352941176470588,0.330188679245283,105.316315205327
"ortizjo02",2001,204,52,14,4,8,1,13,1,118,"2B",1977,6,13,24,-6,0.495098039215686,0.31390134529148,120.864987250506
"perezne01",2001,382,114,16,0,19,8,7,1,1392,"2B",1973,6,2,28,-2,0.445026178010471,0.325814536340852,116.500019682715
"petribe01",2001,244,58,31,3,15,3,11,3,219,"C",1977,4,7,24,-6,0.459016393442623,0.327402135231317,118.604515489178
"pierrju01",2001,617,202,41,10,26,11,2,1,1831,"OF",1977,8,14,23,-7,0.414910858995138,0.378176382660688,122.010160548292
"shumpte01",2001,242,70,15,3,14,5,4,1,422,"2B",1966,8,16,34,4,0.43801652892562,0.337164750957854,117.631803932744
"uribeju01",2001,273,82,8,2,15,11,8,0,1794,"SS",1979,3,22,22,-8,0.523809523809524,0.325088339222615,126.611139155309
"walkela01",2001,497,174,82,14,35,3,38,8,1229,"OF",1966,12,1,34,4,0.661971830985915,0.449251247920133,166.921562653793
"walketo04",2001,290,86,25,0,18,2,12,3,1152,"2B",1973,5,25,28,-2,0.496551724137931,0.349056603773585,127.381912817176
"agbaybe01",2002,117,24,10,0,5,0,4,1,333,"OF",1971,12,28,30,0,0.35042735042735,0.265625,93.3680555555556
"alomasa02",2002,116,31,4,0,4,0,0,0,914,"C",1966,6,18,36,6,0.301724137931034,0.291666666666667,91.7241379310345
"bennega01",2002,291,77,15,6,10,2,4,0,560,"C",1972,4,17,30,0,0.353951890034364,0.314102564102564,102.552207242929
"butlebr02",2002,344,89,10,5,18,4,9,4,192,"2B",1978,2,11,24,-6,0.412790697674419,0.286501377410468,105.233038631559
"custja01",2002,65,11,12,0,2,0,1,1,231,"OF",1979,1,16,23,-7,0.246153846153846,0.294871794871795,85.0769230769231
"estalbo02",2002,112,23,14,0,8,0,8,4,299,"C",1974,8,23,27,-3,0.491071428571429,0.284615384615385,115.070054945055
"hamptmi01",2002,64,22,1,0,2,0,3,0,362,"P",1972,9,9,29,-1,0.515625,0.353846153846154,130.723557692308
"heltoto01",2002,553,182,99,5,39,4,30,10,2193,"1B",1973,8,20,28,-2,0.576853526220615,0.428785607196402,152.172367704032
"hollato01",2002,298,88,26,1,21,1,11,2,966,"OF",1973,4,20,29,-1,0.483221476510067,0.351681957186544,126.121544239887
"jennija01",2002,62,19,3,1,4,0,0,0,225,"P",1978,7,17,23,-7,0.370967741935484,0.348484848484849,110.953079178886
"kaplega01",2002,119,37,8,1,4,3,2,0,1012,"OF",1975,7,31,26,-4,0.445378151260504,0.359375,122.586659663866
"littlma01",2002,105,21,13,4,5,2,0,0,96,"OF",1972,7,11,29,-1,0.285714285714286,0.311475409836066,93.2084309133489
"nortogr01",2002,168,37,24,0,8,1,7,2,606,"3B",1972,7,6,29,-1,0.404761904761905,0.314432989690722,109.216985763378
"ortizjo02",2002,192,48,16,3,7,1,1,2,118,"2B",1977,6,13,25,-5,0.3125,0.314553990610329,97.2447183098592
"paytoja01",2002,170,57,8,3,14,4,8,0,1185,"OF",1972,11,22,29,-1,0.605882352941176,0.375690607734807,146.389015274618
"petribe01",2002,95,20,9,1,3,1,5,1,219,"C",1977,4,7,25,-5,0.421052631578947,0.283018867924528,105.680238331678
"pierrju01",2002,592,170,31,9,20,5,1,0,1831,"OF",1977,8,14,24,-6,0.342905405405405,0.332278481012658,104.387829284981
"shumpte01",2002,234,55,21,4,12,1,6,4,422,"2B",1966,8,16,35,5,0.371794871794872,0.304182509505703,103.08618504436
"uribeju01",2002,566,136,34,5,25,7,6,6,1794,"SS",1979,3,22,23,-7,0.340989399293286,0.286415711947627,95.8834500587
"walkela01",2002,477,161,65,7,40,4,26,4,1229,"OF",1966,12,1,35,5,0.60167714884696,0.421338155515371,154.058897342872
"zeileto01",2002,506,138,66,1,23,0,18,7,1392,"1B",1965,9,9,36,6,0.424901185770751,0.353448275862069,118.85784380537
"atkinga01",2003,69,11,3,1,2,0,0,0,781,"3B",1979,12,12,23,-7,0.188405797101449,0.205479452054795,61.4790549930514
"bellhma01",2003,110,26,21,2,3,0,0,0,651,"2B",1974,8,23,28,-2,0.263636363636364,0.368421052631579,100.588516746411
"belliro01",2003,447,124,49,2,31,2,8,1,1372,"2B",1975,4,7,28,-2,0.409395973154362,0.350701402805611,116.347729015077
"butlebr02",2003,90,19,7,1,3,1,1,0,192,"2B",1978,2,11,25,-5,0.3,0.275510204081633,88.5918367346939
"estalbo02",2003,140,28,19,1,7,0,7,3,299,"C",1974,8,23,28,-2,0.4,0.294478527607362,105.006134969325
"heltoto01",2003,583,209,111,2,49,5,33,7,2193,"1B",1973,8,20,29,-1,0.629502572898799,0.458036984352774,164.281991660343
"hernajo01",2003,257,61,27,0,6,1,8,2,1468,"2B",1969,7,14,33,3,0.361867704280156,0.307692307692308,102.427416941036
"jennija01",2003,54,12,5,0,3,0,0,1,225,"P",1978,7,17,24,-6,0.277777777777778,0.283333333333333,87.1111111111111
"johnsch04",2003,356,82,49,1,20,0,20,7,1156,"C",1971,7,20,31,1,0.455056179775281,0.319612590799031,116.687569714612
"kaplega01",2003,67,15,8,0,2,0,0,0,1012,"OF",1975,7,31,27,-3,0.253731343283582,0.306666666666667,88.1850746268657
"nortogr01",2003,179,47,16,1,15,0,6,1,606,"3B",1972,7,6,30,0,0.446927374301676,0.3248730964467,116.577716019624
"oliveda02",2003,67,17,3,1,3,0,1,0,721,"P",1970,10,6,32,2,0.343283582089552,0.295774647887324,97.8663022913601
"paytoja01",2003,600,181,43,7,32,5,28,3,1185,"OF",1972,11,22,30,0,0.511666666666667,0.35375191424196,130.19201123022
"reyesre01",2003,116,30,5,0,7,1,2,1,57,"OF",1978,2,21,25,-5,0.387931034482759,0.286885245901639,102.070378745054
"stynech01",2003,443,113,48,6,31,3,11,2,709,"2B",1973,1,19,30,0,0.413092550790068,0.334669338677355,113.942512564633
"sweenma01",2003,97,25,9,0,9,0,2,0,461,"1B",1969,10,26,33,3,0.412371134020619,0.320754716981132,111.344096479284
"uribeju01",2003,316,80,17,3,19,3,10,1,1794,"SS",1979,3,22,24,-6,0.427215189873418,0.29673590504451,108.950437591556
"walkela01",2003,454,129,98,11,25,7,16,1,1229,"OF",1966,12,1,36,6,0.475770925110132,0.421985815602837,137.807667072828
"wilsopr01",2003,600,169,54,4,43,1,36,3,1059,"OF",1974,7,19,28,-2,0.536666666666667,0.343419062027231,131.582097831568
"womacto01",2003,79,15,0,1,2,0,0,0,1239,"2B",1969,9,25,33,3,0.215189873417722,0.2,63.9746835443038
"barmecl01",2004,71,20,3,1,3,1,2,0,1166,"SS",1979,3,6,25,-5,0.436619718309859,0.32,114.360563380282
"burnije01",2004,540,153,58,5,30,4,37,3,1458,"OF",1969,4,15,35,5,0.559259259259259,0.356435643564356,136.862119545288
"castivi02",2004,583,158,51,6,43,3,35,8,1659,"3B",1967,7,4,36,6,0.53516295025729,0.33179012345679,129.29340575567
"claytro01",2004,574,160,48,4,36,4,8,2,1693,"SS",1970,1,2,34,4,0.397212543554007,0.337579617834395,112.401961872212
"clossjd01",2004,113,36,6,2,6,0,1,0,141,"C",1980,1,15,24,-6,0.398230088495575,0.363636363636364,117.22445695897
"estessh01",2004,72,17,1,0,3,1,0,0,283,"P",1973,2,18,31,1,0.305555555555556,0.246575342465753,84.1057838660578
"freemch01",2004,90,17,14,0,3,2,1,0,98,"OF",1979,10,20,24,-6,0.3,0.298076923076923,92.6538461538462
"gonzalu02",2004,322,94,15,4,17,2,12,1,276,"2B",1979,6,26,25,-5,0.468944099378882,0.330409356725146,120.436417129781
"greento02",2004,195,55,13,0,14,0,10,1,363,"C",1971,5,8,33,3,0.507692307692308,0.325358851674641,124.564593301435
"hawpebr01",2004,105,26,11,1,3,2,3,1,823,"OF",1979,6,22,25,-5,0.4,0.322033898305085,109.966101694915
"heltoto01",2004,547,190,127,3,49,2,32,6,2193,"1B",1973,8,20,30,0,0.619744058500914,0.468521229868228,164.9005489814
"hockide01",2004,94,19,7,0,2,0,0,0,940,"SS",1970,4,2,34,4,0.223404255319149,0.257425742574257,75.3791868548557
"hollima01",2004,400,116,31,6,31,3,14,1,1731,"OF",1980,1,15,24,-6,0.4875,0.349315068493151,126.251712328767
"jennija01",2004,71,17,2,0,4,0,1,0,225,"P",1978,7,17,25,-5,0.338028169014085,0.26027397260274,90.7929770403241
"johnsch04",2004,305,72,49,5,20,0,13,1,1156,"C",1971,7,20,32,2,0.429508196721311,0.35,118.83606557377
"milesaa01",2004,522,153,29,2,15,3,6,6,844,"2B",1976,12,15,27,-3,0.367816091954023,0.329159212880143,107.064750272449
"pelloki01",2004,121,29,8,4,5,1,2,0,80,"1B",1973,8,28,30,0,0.347107438016529,0.308270676691729,100.61268874666
"piedrjo01",2004,91,27,5,1,8,0,3,0,65,"OF",1979,4,17,25,-5,0.483516483516484,0.34020618556701,124.094256259205
"reyesre01",2004,61,9,5,0,2,0,0,0,57,"OF",1978,2,21,26,-4,0.180327868852459,0.212121212121212,61.6244411326379
"sweenma01",2004,177,47,32,2,12,2,9,4,461,"1B",1969,10,26,34,4,0.508474576271186,0.376744186046512,133.915648403626
"walkela01",2004,108,35,25,4,9,3,6,1,1229,"OF",1966,12,1,37,7,0.62962962962963,0.463768115942029,165.330112721417
"wilsopr01",2004,202,50,17,3,11,0,6,0,1059,"OF",1974,7,19,29,-1,0.391089108910891,0.315315315315315,107.598340915173
"ardoida01",2005,210,48,20,9,10,0,6,2,165,"C",1974,7,8,30,0,0.361904761904762,0.319502074688797,104.557992491602
"atkinga01",2005,519,149,45,5,31,1,13,4,781,"3B",1979,12,12,25,-5,0.425818882466281,0.347294938917976,117.869543725852
"barmecl01",2005,350,101,16,6,19,1,10,1,1166,"SS",1979,3,6,26,-4,0.434285714285714,0.329758713136729,115.813711221754
"bigbila01",2005,66,14,3,1,1,1,0,0,355,"OF",1977,11,4,27,-3,0.257575757575758,0.257142857142857,79.7705627705628
"byrneer01",2005,53,10,7,0,2,0,0,0,889,"OF",1976,2,16,29,-1,0.226415094339623,0.283333333333333,80.4339622641509
"clossjd01",2005,237,52,32,1,12,2,7,1,141,"C",1980,1,15,25,-5,0.375527426160338,0.313653136531365,105.27612997649
"francje01",2005,58,6,7,0,2,0,0,0,254,"P",1981,1,8,24,-6,0.137931034482759,0.2,53.9310344827586
"garabed01",2005,88,27,8,3,5,0,1,0,20,"2B",1976,12,2,28,-2,0.397727272727273,0.383838383838384,120.795454545455
"gonzalu02",2005,404,118,20,6,25,0,9,3,276,"2B",1979,6,26,26,-4,0.420792079207921,0.33256351039261,114.564402167699
"greento02",2005,126,32,7,1,4,0,7,0,363,"C",1971,5,8,34,4,0.452380952380952,0.298507462686567,112.540867093106
"hawpebr01",2005,305,80,43,0,10,3,9,3,823,"OF",1979,6,22,26,-4,0.40327868852459,0.35042735042735,115.50315258512
"heltoto01",2005,509,163,106,9,45,2,20,1,2193,"1B",1973,8,20,31,1,0.534381139489195,0.4448,149.533548133595
"hollima01",2005,479,147,36,7,24,7,19,4,1731,"OF",1980,1,15,25,-5,0.505219206680585,0.361216730038023,130.69750827532
"milesaa01",2005,324,91,8,4,12,3,2,1,844,"2B",1976,12,15,28,-2,0.354938271604938,0.305637982195846,101.156812103894
"mohrdu01",2005,266,57,23,2,10,3,17,2,438,"OF",1976,6,19,29,-1,0.466165413533835,0.279863481228669,110.976930380559
"piedrjo01",2005,112,35,10,1,8,1,6,1,65,"OF",1979,4,17,26,-4,0.5625,0.370967741935484,139.899193548387
"quintom01",2005,128,28,9,0,1,1,0,0,383,"2B",1981,10,24,23,-7,0.2421875,0.27007299270073,80.0975136861314
"relafde01",2005,210,47,22,4,13,2,1,1,932,"2B",1973,9,16,31,1,0.319047619047619,0.308016877637131,96.919228450874
"shealry01",2005,91,30,13,0,7,0,2,0,145,"1B",1979,8,29,25,-5,0.472527472527473,0.413461538461538,135.851648351648
"sullico01",2005,378,111,28,3,15,4,4,5,352,"OF",1979,8,20,25,-5,0.386243386243386,0.342995169082126,111.950770646423
"wilsopr01",2005,267,69,25,1,15,1,15,2,1059,"OF",1974,7,19,30,0,0.49063670411985,0.322033898305085,121.748873230496
"wrighja01",2005,55,8,1,0,1,0,0,0,719,"P",1974,12,24,30,0,0.163636363636364,0.160714285714286,50.2012987012987
"ardoida01",2006,109,21,8,2,5,1,0,0,165,"C",1974,7,8,31,1,0.256880733944954,0.260504201680672,80.285251715365
"atkinga01",2006,602,198,79,7,48,1,29,7,781,"3B",1979,12,12,26,-4,0.556478405315615,0.40863309352518,145.896149525562
"bakerje03",2006,57,21,1,0,7,2,5,0,551,"3B",1981,6,21,25,-5,0.824561403508772,0.379310344827586,175.468844525106
"barmecl01",2006,478,105,22,9,26,4,7,7,1166,"SS",1979,3,6,27,-3,0.334728033472803,0.263565891472868,90.9565048165807
"carroja01",2006,463,139,56,3,23,5,5,3,1240,"2B",1974,2,18,32,2,0.403887688984881,0.377142857142857,120.391113853749
"clossjd01",2006,97,19,12,1,3,1,2,1,141,"C",1980,1,15,26,-4,0.309278350515464,0.288288288288288,92.0980774589022
"cookaa01",2006,58,3,4,0,0,0,0,0,256,"P",1979,2,8,27,-3,0.0517241379310345,0.112903225806452,27.0467185761958
"foggjo01",2006,51,5,3,1,1,0,0,0,243,"P",1976,12,13,29,-1,0.117647058823529,0.163636363636364,44.7486631016043
"francje01",2006,61,7,8,0,0,0,0,2,254,"P",1981,1,8,25,-5,0.114754098360656,0.211267605633803,52.9462018009698
"freemch01",2006,173,41,14,1,6,3,2,0,98,"OF",1979,10,20,26,-4,0.341040462427746,0.297872340425532,97.9522813922027
"gonzalu02",2006,149,36,4,2,9,1,2,1,276,"2B",1979,6,26,27,-3,0.355704697986577,0.269230769230769,94.7031491997935
"hawpebr01",2006,499,146,74,0,33,6,22,2,823,"OF",1979,6,22,27,-3,0.51503006012024,0.382608695652174,135.823473033023
"heltoto01",2006,546,165,91,6,40,5,15,6,2193,"1B",1973,8,20,32,2,0.476190476190476,0.403697996918336,134.570401350062
"hollima01",2006,602,196,47,15,45,5,34,3,1731,"OF",1980,1,15,26,-4,0.586378737541528,0.386806596701649,145.854423286696
"iannech01",2006,77,20,13,1,4,0,2,1,1133,"C",1983,4,8,23,-7,0.38961038961039,0.369565217391304,117.171089779785
"jennija01",2006,62,8,3,0,1,0,0,0,225,"P",1978,7,17,27,-3,0.145161290322581,0.169230769230769,49.3325062034739
"marreel01",2006,60,13,11,1,3,0,4,0,679,"C",1973,11,17,32,2,0.466666666666667,0.347222222222222,123.166666666667
"matsuka01",2006,113,39,10,0,6,3,2,2,586,"2B",1975,10,23,30,0,0.504424778761062,0.392,136.135221238938
"ojedami01",2006,74,17,8,0,3,0,2,0,175,"1B",1975,1,29,31,1,0.351351351351351,0.304878048780488,100.553724456163
"piedrjo01",2006,59,10,3,1,2,0,3,0,65,"OF",1979,4,17,27,-3,0.355932203389831,0.222222222222222,86.271186440678
"salazje01",2006,53,15,11,1,4,0,1,1,95,"OF",1980,11,24,25,-5,0.415094339622642,0.409090909090909,127.598627787307
"smithja05",2006,99,26,7,2,1,0,5,0,212,"SS",1977,7,24,28,-2,0.424242424242424,0.324074074074074,113.484848484848
"spilbry01",2006,167,48,14,0,6,3,4,3,453,"OF",1979,9,5,26,-4,0.431137724550898,0.33695652173913,116.70007810466
"sullico01",2006,386,103,32,1,26,10,2,5,352,"OF",1979,8,20,26,-4,0.401554404145078,0.320754716981132,109.937921595464
"torreyo01",2006,223,55,11,4,16,3,7,1,860,"C",1978,7,19,27,-3,0.439461883408072,0.292887029288703,109.849710115016
"tulowtr01",2006,96,23,10,1,2,0,1,0,1268,"SS",1984,10,10,21,-9,0.291666666666667,0.317757009345794,95.1129283489096
"atkinga01",2007,605,182,67,2,35,1,25,10,781,"3B",1979,12,12,27,-3,0.48595041322314,0.366959064327485,129.226185297956
"bakerje03",2007,144,32,13,2,2,2,4,0,551,"3B",1981,6,21,26,-4,0.347222222222222,0.29559748427673,98.3464360587002
"carroja01",2007,227,51,28,4,9,1,2,3,1240,"2B",1974,2,18,33,3,0.299559471365639,0.316793893129771,95.9656320408918
"finlest01",2007,94,17,8,0,3,0,1,0,1734,"OF",1965,3,12,42,12,0.24468085106383,0.245098039215686,75.9261576971214
"foggjo01",2007,53,7,1,0,0,0,0,0,243,"P",1976,12,13,30,0,0.132075471698113,0.148148148148148,43.8364779874214
"francje01",2007,64,12,2,0,3,0,0,0,254,"P",1981,1,8,26,-4,0.234375,0.212121212121212,68.6505681818182
"hawpebr01",2007,516,150,81,3,33,4,29,5,823,"OF",1979,6,22,28,-2,0.538759689922481,0.386776859504132,139.658594400666
"heltoto01",2007,557,178,116,2,42,2,17,7,2193,"1B",1973,8,20,33,3,0.493716337522442,0.434017595307918,142.306291033343
"hollima01",2007,636,216,63,10,50,6,36,4,1731,"OF",1980,1,15,27,-3,0.606918238993711,0.405329593267882,151.858697857401
"iannech01",2007,197,43,29,5,8,3,4,2,1133,"C",1983,4,8,24,-6,0.350253807106599,0.330472103004292,105.01797346463
"matsuka01",2007,410,118,34,0,24,6,4,1,586,"2B",1975,10,23,31,1,0.404878048780488,0.341573033707865,114.117292408879
"quintom01",2007,70,16,5,0,4,0,0,0,383,"2B",1981,10,24,25,-5,0.285714285714286,0.28,87.5428571428572
"spilbry01",2007,264,79,28,2,14,1,11,6,453,"OF",1979,9,5,27,-3,0.484848484848485,0.363333333333333,128.430303030303
"sullico01",2007,140,40,9,2,6,1,2,1,352,"OF",1979,8,20,27,-3,0.385714285714286,0.335526315789474,110.537593984962
"taverwi01",2007,372,119,21,7,13,2,2,1,623,"OF",1981,12,25,25,-5,0.381720430107527,0.366583541147132,115.608693320462
"torreyo01",2007,396,101,34,6,22,1,8,1,860,"C",1978,7,19,28,-2,0.376262626262626,0.322654462242563,106.991944617803
"tulowtr01",2007,609,177,57,9,33,5,24,2,1268,"SS",1984,10,10,22,-8,0.479474548440066,0.358936484490399,126.94025850548
"atkinga01",2008,611,175,40,3,32,3,21,10,781,"3B",1979,12,12,28,-2,0.451718494271686,0.328313253012048,117.819789797488
"bakerje03",2008,299,80,26,1,22,1,12,6,551,"3B",1981,6,21,27,-3,0.468227424749164,0.322289156626506,118.881613410162
"barmecl01",2008,393,114,17,2,25,6,11,1,1166,"SS",1979,3,6,29,-1,0.468193384223919,0.322033898305085,118.831241644025
"cookaa01",2008,60,14,2,0,1,0,0,0,256,"P",1979,2,8,29,-1,0.25,0.258064516129032,78.9516129032258
"hawpebr01",2008,488,138,76,3,24,3,25,2,823,"OF",1979,6,22,29,-1,0.497950819672131,0.381370826010545,133.380355239275
"heltoto01",2008,299,79,61,1,16,0,7,0,2193,"1B",1973,8,20,34,4,0.387959866220736,0.390581717451524,120.73949174997
"herrejo03",2008,61,14,4,0,1,1,0,0,426,"2B",1984,11,3,23,-7,0.278688524590164,0.276923076923077,86.0756620428752
"hollima01",2008,539,173,74,8,38,2,25,2,1731,"OF",1980,1,15,28,-2,0.538033395176252,0.409309791332263,143.62010381272
"iannech01",2008,333,88,56,14,22,2,18,2,1133,"C",1983,4,8,25,-5,0.504504504504504,0.390123456790123,135.807807807808
"jimenub01",2008,67,3,3,0,0,0,0,0,329,"P",1984,1,22,24,-6,0.0447761194029851,0.0857142857142857,21.2494669509595
"nixja01",2008,56,7,7,1,2,0,0,0,445,"2B",1982,8,26,25,-5,0.160714285714286,0.234375,63.0803571428571
"podsesc01",2008,162,41,16,1,8,1,1,1,974,"OF",1976,3,18,32,2,0.333333333333333,0.322222222222222,101.333333333333
"quintom01",2008,210,50,15,0,17,0,2,1,383,"2B",1981,10,24,26,-4,0.347619047619048,0.287610619469027,96.960387694901
"smithse01",2008,108,28,15,0,7,0,4,0,903,"OF",1982,9,30,25,-5,0.435185185185185,0.349593495934959,119.500903342367
"spilbry01",2008,233,73,38,1,14,2,6,3,453,"OF",1979,9,5,28,-2,0.467811158798283,0.407272727272727,134.124541552868
"stewaia01",2008,266,69,30,7,18,2,10,1,470,"3B",1985,4,5,23,-7,0.454887218045113,0.348684210526316,121.898496240602
"taverwi01",2008,479,120,36,5,15,2,1,3,623,"OF",1981,12,25,26,-4,0.296450939457203,0.307839388145315,93.9497119955931
"torreyo01",2008,236,58,12,5,17,0,6,3,860,"C",1978,7,19,29,-1,0.394067796610169,0.29296875,103.963188559322
"tulowtr01",2008,377,99,38,2,24,2,8,2,1268,"SS",1984,10,10,23,-7,0.40053050397878,0.331742243436754,111.782569335857
"atkinga01",2009,354,80,41,2,12,1,9,2,781,"3B",1979,12,12,29,-1,0.34180790960452,0.308270676691729,99.9237500530988
"barmecl01",2009,550,135,31,10,32,3,23,7,1166,"SS",1979,3,6,30,0,0.44,0.294314381270903,110.176588628763
"delarjo01",2009,57,7,1,0,2,0,0,0,430,"P",1981,4,5,28,-2,0.157894736842105,0.137931034482759,45.3539019963702
"fowlede01",2009,433,115,67,1,29,10,4,3,1361,"OF",1986,3,22,23,-7,0.406466512702079,0.363095238095238,118.197789508413
"gonzaca01",2009,278,79,28,3,14,7,13,3,1305,"OF",1985,10,17,23,-7,0.525179856115108,0.352564102564103,131.734919756502
"hammeja01",2009,55,6,2,0,1,0,0,0,377,"P",1982,9,2,26,-4,0.127272727272727,0.140350877192982,41.8086124401914
"hawpebr01",2009,501,143,79,4,42,3,23,4,823,"OF",1979,6,22,30,0,0.518962075848303,0.384353741496599,136.648743329667
"heltoto01",2009,544,177,89,2,38,3,15,10,2193,"1B",1973,8,20,35,5,0.488970588235294,0.415503875968992,138.356874145007
"iannech01",2009,289,66,43,11,15,2,16,6,1133,"C",1983,4,8,26,-4,0.460207612456747,0.343839541547278,121.718107097887
"jimenub01",2009,59,13,6,0,0,0,0,0,329,"P",1984,1,22,25,-5,0.220338983050847,0.292307692307692,81.2594524119948
"marquja01",2009,64,11,2,0,3,0,0,0,377,"P",1978,8,21,30,0,0.21875,0.196969696969697,63.8920454545455
"murtoma01",2009,52,13,4,0,5,0,1,0,279,"OF",1981,10,3,27,-3,0.403846153846154,0.303571428571429,107.142857142857
"quintom01",2009,58,10,8,0,2,0,0,0,383,"2B",1981,10,24,27,-3,0.206896551724138,0.272727272727273,75.987460815047
"smithse01",2009,335,98,46,2,20,4,15,3,903,"OF",1982,9,30,26,-4,0.51044776119403,0.378238341968912,134.441110509628
"spilbry01",2009,352,85,34,2,24,3,8,2,453,"OF",1979,9,5,29,-1,0.394886363636364,0.31025641025641,107.181381118881
"stewaia01",2009,425,97,56,5,19,3,25,5,470,"3B",1985,4,5,24,-6,0.463529411764706,0.321792260692464,118.181430454055
"torreyo01",2009,213,62,21,1,11,1,2,4,860,"C",1978,7,19,30,0,0.380281690140845,0.351464435146443,112.70021804467
"tulowtr01",2009,543,161,73,3,25,9,32,9,1268,"SS",1984,10,10,24,-6,0.552486187845304,0.377388535031847,139.753140725622
"younger03",2009,57,14,4,0,1,0,1,0,447,"2B",1985,5,25,24,-6,0.315789473684211,0.295081967213115,94.167385677308
"barmecl01",2010,387,91,35,5,21,0,8,3,1166,"SS",1979,3,6,31,1,0.351421188630491,0.304651162790698,100.521963824289
"fowlede01",2010,439,114,57,2,20,14,6,0,1361,"OF",1986,3,22,24,-6,0.41002277904328,0.347389558232932,115.833081757554
"giambja01",2010,176,43,35,6,9,0,6,5,1490,"1B",1971,1,8,39,9,0.397727272727273,0.378378378378378,119.812653562654
"gonzaca01",2010,587,197,40,2,34,9,34,7,1305,"OF",1985,10,17,24,-6,0.597955706984668,0.375786163522013,145.375751341969
"hammeja01",2010,57,6,1,0,1,0,0,0,377,"P",1982,9,2,27,-3,0.12280701754386,0.120689655172414,37.6890502117362
"hawpebr01",2010,259,66,36,1,21,2,7,4,823,"OF",1979,6,22,31,1,0.432432432432432,0.343333333333333,118.016216216216
"heltoto01",2010,398,102,67,2,18,1,8,6,2193,"1B",1973,8,20,36,6,0.366834170854271,0.361522198731501,112.762437982725
"herrejo03",2010,222,63,25,0,6,2,1,3,426,"2B",1984,11,3,25,-5,0.342342342342342,0.352,107.864504504504
"iannech01",2010,188,37,30,4,6,1,9,1,1133,"C",1983,4,8,27,-3,0.382978723404255,0.318385650224215,107.096651082912
"jimenub01",2010,77,8,2,0,0,0,0,0,329,"P",1984,1,22,26,-4,0.103896103896104,0.126582278481013,36.2913036330758
"morame01",2010,316,90,31,5,12,5,7,0,1525,"2B",1972,2,2,38,8,0.420886075949367,0.357954545454545,119.147008055236
"olivomi01",2010,394,106,27,1,17,6,14,3,1055,"C",1978,7,15,31,1,0.449238578680203,0.315294117647059,115.153956404897
"smithse01",2010,358,88,35,2,19,5,17,3,903,"OF",1982,9,30,27,-3,0.46927374301676,0.314070351758794,117.538249908762
"spilbry01",2010,341,95,39,5,20,2,10,1,453,"OF",1979,9,5,30,0,0.436950146627566,0.360103626943005,121.622171911325
"stewaia01",2010,386,99,45,5,14,2,18,5,470,"3B",1985,4,5,25,-5,0.44300518134715,0.337868480725624,118.407000105742
"tulowtr01",2010,470,148,48,5,32,3,27,5,1268,"SS",1984,10,10,25,-5,0.568085106382979,0.380681818181818,142.373791102515
"younger03",2010,172,42,17,0,5,1,0,0,447,"2B",1985,5,25,25,-5,0.284883720930233,0.312169312169312,93.2253599114064
"alfonel01",2011,75,20,3,1,1,0,1,0,164,"C",1979,2,7,32,2,0.32,0.30379746835443,96.2835443037975
"blackch02",2011,98,25,3,0,1,0,1,0,1245,"OF",1986,7,1,24,-6,0.295918367346939,0.277227722772277,88.370377854112
"chacijh01",2011,61,10,1,1,1,0,0,0,338,"P",1988,1,7,23,-7,0.180327868852459,0.19047619047619,57.728337236534
"ellisma01",2011,263,72,14,3,13,0,6,1,1398,"2B",1977,6,6,34,4,0.391634980988593,0.316725978647687,107.923223685101
"fowlede01",2011,481,128,68,6,35,15,5,1,1361,"OF",1986,3,22,25,-5,0.432432432432432,0.363309352517986,121.611899669454
"giambja01",2011,131,34,17,3,6,0,13,1,1490,"1B",1971,1,8,40,10,0.603053435114504,0.355263157894737,142.344314985938
"gonzaca01",2011,481,142,48,7,27,3,26,6,1305,"OF",1985,10,17,25,-5,0.525987525987526,0.363468634686347,133.802732621921
"heltoto01",2011,421,127,59,3,27,0,14,8,2193,"1B",1973,8,20,37,7,0.465558194774347,0.384928716904277,129.809734363435
"herrejo03",2011,281,68,28,1,5,1,3,0,426,"2B",1984,11,3,26,-4,0.298932384341637,0.312903225806452,95.1837906095741
"iannech01",2011,345,82,70,5,17,1,14,4,1133,"C",1983,4,8,28,-2,0.414492753623188,0.370283018867925,120.535001367241
"kouzmke01",2011,98,25,4,5,5,0,3,1,657,"3B",1981,7,25,29,-1,0.397959183673469,0.314814814814815,108.401360544218
"lopezjo01",2011,125,26,3,1,4,0,2,0,996,"3B",1983,11,24,27,-3,0.288,0.232558139534884,79.3004651162791
"moraljo02",2011,60,16,9,0,3,0,0,2,62,"C",1983,2,20,28,-2,0.316666666666667,0.352112676056338,104.546948356808
"nelsoch01",2011,180,45,7,1,10,1,4,1,260,"2B",1985,9,3,25,-5,0.383333333333333,0.28042328042328,100.309523809524
"pachejo01",2011,84,24,3,1,1,0,2,0,283,"1B",1986,1,30,25,-5,0.369047619047619,0.318181818181818,105.248917748918
"rosarwi01",2011,54,11,2,0,3,1,3,1,388,"C",1989,2,23,22,-8,0.462962962962963,0.228070175438596,101.237816764133
"smithse01",2011,476,135,46,4,32,9,15,7,903,"OF",1982,9,30,28,-2,0.483193277310924,0.347091932457786,125.291673892822
"spilbry01",2011,200,42,19,2,8,1,3,2,453,"OF",1979,9,5,31,1,0.305,0.282511210762332,90.5020179372197
"stewaia01",2011,122,19,14,0,6,1,0,0,470,"3B",1985,4,5,26,-4,0.221311475409836,0.242647058823529,72.446962391514
"tulowtr01",2011,537,162,59,4,36,2,30,5,1268,"SS",1984,10,10,26,-4,0.543761638733706,0.371900826446281,137.631161795712
"wiggity01",2011,401,97,38,5,21,2,15,1,1284,"1B",1977,10,11,33,3,0.41645885286783,0.314606741573034,110.768864355964
"younger03",2011,198,49,26,3,4,3,0,1,447,"2B",1985,5,25,26,-4,0.297979797979798,0.342105263157895,100.316321105795
"blackch02",2012,113,32,4,3,8,0,2,0,1245,"OF",1986,7,1,25,-5,0.407079646017699,0.325,111.420353982301
"brownan02",2012,112,26,12,0,7,0,5,2,91,"OF",1984,9,10,27,-3,0.428571428571429,0.301587301587302,110
"colvity01",2012,420,122,21,2,27,10,18,1,372,"OF",1985,9,5,26,-4,0.530952380952381,0.326576576576577,127.807593307593
"cuddymi01",2012,358,93,32,0,30,2,16,4,1519,"1B",1979,3,27,33,3,0.488826815642458,0.317258883248731,120.654085018291
"fowlede01",2012,454,136,68,0,18,11,13,2,1361,"OF",1986,3,22,26,-4,0.473568281938326,0.389312977099237,131.640212529845
"giambja01",2012,89,20,20,2,4,0,1,2,1490,"1B",1971,1,8,41,11,0.303370786516854,0.371681415929204,106.340857114448
"gonzaca01",2012,518,157,56,2,31,5,22,3,1305,"OF",1985,10,17,26,-4,0.50965250965251,0.3713298791019,133.094204493168
"heltoto01",2012,240,57,39,1,16,1,7,3,2193,"1B",1973,8,20,38,8,0.4,0.342756183745583,113.696113074205
"hernara02",2012,184,40,6,2,10,0,5,2,1495,"C",1976,5,20,36,6,0.353260869565217,0.247422680412371,90.4599955177051
"herrejo03",2012,225,59,16,2,9,1,3,0,426,"2B",1984,11,3,27,-3,0.351111111111111,0.316872427983539,102.681481481481
"lemahdj01",2012,229,68,13,0,12,4,2,2,1467,"1B",1988,7,13,23,-7,0.410480349344978,0.331967213114754,113.116543775503
"mcbrima02",2012,78,16,1,1,2,0,2,1,56,"1B",1985,5,23,27,-3,0.307692307692308,0.222222222222222,80
"nelsoch01",2012,345,104,27,1,21,3,9,2,260,"2B",1985,9,3,26,-4,0.457971014492754,0.352,122.896231884058
"pachejo01",2012,475,147,22,3,32,3,5,4,283,"1B",1986,1,30,26,-4,0.421052631578947,0.341269841269841,116.165413533835
"rosarwi01",2012,396,107,25,1,19,0,28,4,388,"C",1989,2,23,23,-7,0.53030303030303,0.312206572769953,125.136577037985
"rutlejo01",2012,277,76,9,4,20,5,8,1,326,"2B",1989,4,21,23,-7,0.469314079422383,0.305841924398625,116.062376716662
"scutama01",2012,377,102,27,4,16,3,4,3,1383,"2B",1975,10,30,36,6,0.360742705570292,0.32360097323601,105.14472690662
"tulowtr01",2012,181,52,19,2,8,2,8,1,1268,"SS",1984,10,10,27,-3,0.486187845303867,0.359605911330049,127.933483928912
"younger03",2012,174,55,13,4,7,2,4,0,447,"2B",1985,5,25,27,-3,0.448275862068966,0.37696335078534,126.129265210327
"arenano01",2013,486,130,23,1,29,4,10,2,1355,"3B",1991,4,16,22,-8,0.405349794238683,0.30078125,106.836098251029
"blackch02",2013,246,76,7,3,17,2,6,0,1245,"OF",1986,7,1,26,-4,0.467479674796748,0.3359375,121.241107723577
"chacijh01",2013,63,12,3,0,1,0,1,2,338,"P",1988,1,7,25,-5,0.253968253968254,0.220588235294118,72.7217553688142
"colvity01",2013,75,12,3,0,0,0,3,0,372,"OF",1985,9,5,27,-3,0.28,0.192307692307692,71.0153846153846
"cuddymi01",2013,489,162,46,2,31,3,20,3,1519,"1B",1979,3,27,34,4,0.529652351738241,0.388888888888889,138.854805725971
"culbech01",2013,99,29,4,0,5,0,2,1,451,"2B",1989,4,10,24,-6,0.404040404040404,0.317307692307692,109.640637140637
"delarjo01",2013,52,2,2,0,0,0,0,0,430,"P",1981,4,5,32,2,0.0384615384615385,0.0740740740740741,18.3333333333333
"dickeco01",2013,194,51,16,0,13,5,5,2,777,"OF",1989,5,22,24,-6,0.458762886597938,0.316037735849057,116.525967710562
"fowlede01",2013,415,109,65,6,18,3,12,2,1361,"OF",1986,3,22,27,-3,0.407228915662651,0.368852459016393,119.333201659095
"gonzaca01",2013,391,118,41,1,23,6,26,3,1305,"OF",1985,10,17,27,-3,0.59079283887468,0.36697247706422,142.858114925268
"heltoto01",2013,397,99,40,0,22,1,15,5,2193,"1B",1973,8,20,39,9,0.423173803526448,0.31447963800905,111.618929300067
"herrejo03",2013,195,57,14,0,7,2,1,2,426,"2B",1984,11,3,28,-2,0.364102564102564,0.336492890995261,107.90205371248
"lemahdj01",2013,404,113,19,1,21,3,2,3,1467,"1B",1988,7,13,24,-6,0.361386138613861,0.311475409836066,103.045771790294
"nelsoch01",2013,66,16,4,0,1,2,0,1,260,"2B",1985,9,3,27,-3,0.318181818181818,0.28169014084507,92.067861715749
"pachejo01",2013,247,59,10,3,15,0,1,1,283,"1B",1986,1,30,27,-3,0.311740890688259,0.275862068965517,90.1814882032668
"rosarwi01",2013,449,131,15,1,22,1,21,1,388,"C",1989,2,23,24,-6,0.485523385300668,0.315450643776824,119.899155968915
"rutlejo01",2013,285,67,22,2,6,1,7,1,326,"2B",1989,4,21,24,-6,0.336842105263158,0.293548387096774,96.6281833616299
"torreyo01",2013,179,43,13,1,8,0,0,0,860,"C",1978,7,19,34,4,0.284916201117318,0.295336787564767,90.1997279069094
"tulowtr01",2013,446,139,57,4,27,0,25,5,1268,"SS",1984,10,10,28,-2,0.540358744394619,0.390625,140.5591367713
"younger03",2013,165,40,11,0,9,3,1,0,447,"2B",1985,5,25,28,-2,0.351515151515152,0.289772727272727,97.8560606060606
"arenano01",2014,432,124,25,4,34,2,18,5,1355,"3B",1991,4,16,23,-7,0.5,0.328326180257511,124.098712446352
"barnebr02",2014,292,75,15,0,17,4,8,0,405,"OF",1986,5,15,28,-2,0.424657534246575,0.293159609120521,107.974209093749
"blackch02",2014,593,171,31,13,27,3,19,5,1245,"OF",1986,7,1,27,-3,0.440134907251265,0.334890965732087,117.49791177444
"cuddymi01",2014,190,63,14,0,15,1,10,1,1519,"1B",1979,3,27,35,5,0.578947368421053,0.375609756097561,142.872913992298
"culbech01",2014,210,41,12,5,7,2,3,2,451,"2B",1989,4,10,25,-5,0.29047619047619,0.253275109170306,83.3514244125598
"delarjo01",2014,60,9,1,0,0,0,0,0,430,"P",1981,4,5,33,3,0.15,0.163934426229508,49.0081967213115
"dickeco01",2014,436,136,37,1,27,6,24,4,777,"OF",1989,5,22,25,-5,0.56651376146789,0.364016736401674,139.169801543127
"gonzaca01",2014,260,62,19,1,15,1,11,1,1305,"OF",1985,10,17,28,-2,0.430769230769231,0.291814946619217,108.526690391459
"lemahdj01",2014,494,132,33,2,15,5,5,2,1467,"1B",1988,7,13,25,-5,0.348178137651822,0.314500941619586,101.873327386262
"mckenmi01",2014,168,53,22,1,9,0,8,0,255,"C",1985,3,4,29,-1,0.511904761904762,0.397905759162304,138.170655696834
"morneju01",2014,502,160,34,6,32,3,17,8,1324,"1B",1981,5,15,33,3,0.49601593625498,0.363636363636364,129.936617167693
"pachejo01",2014,72,17,6,1,6,1,0,1,283,"1B",1986,1,30,28,-2,0.347222222222222,0.3,99.1388888888889
"paulsbe01",2014,63,20,2,1,4,0,4,0,159,"1B",1987,10,27,26,-4,0.571428571428571,0.348484848484849,137.012987012987
"rosarwi01",2014,382,102,23,0,25,0,13,5,388,"C",1989,2,23,25,-5,0.43455497382199,0.304878048780488,111.370195377346
"rutlejo01",2014,309,83,20,6,16,7,4,2,326,"2B",1989,4,21,25,-5,0.40453074433657,0.323442136498516,110.808581333487
"stubbdr01",2014,388,112,30,1,22,4,15,3,859,"OF",1984,10,4,29,-1,0.481958762886598,0.338862559241706,123.649899838765
"tulowtr01",2014,315,107,50,5,18,1,21,5,1268,"SS",1984,10,10,29,-1,0.603174603174603,0.432,156.172698412698
"wheelry01",2014,56,13,5,0,2,0,2,3,53,"1B",1988,7,10,25,-5,0.375,0.28125,99.375
"ynoara01",2014,67,23,4,0,6,1,0,0,60,"2B",1987,8,7,26,-4,0.462686567164179,0.380281690140845,128.599957956695
"adamecr01",2015,53,13,3,1,1,1,0,0,101,"2B",1991,7,26,23,-7,0.30188679245283,0.298245614035088,92.9294935451837
"arenano01",2015,616,177,34,4,43,4,42,11,1355,"3B",1991,4,16,24,-6,0.574675324675325,0.323308270676692,132.903280929597
"barnebr02",2015,255,64,21,3,13,2,2,1,405,"OF",1986,5,15,29,-1,0.341176470588235,0.314285714285714,100.924369747899
"blackch02",2015,614,176,46,13,31,9,17,4,1245,"OF",1986,7,1,28,-2,0.449511400651466,0.34711964549483,120.91801827376
"descada01",2015,185,38,20,0,3,2,5,0,906,"3B",1986,10,19,28,-2,0.324324324324324,0.282926829268293,93.0889914304549
"dickeco01",2015,224,68,10,0,18,2,10,0,777,"OF",1989,5,22,26,-4,0.535714285714286,0.333333333333333,129.642857142857
"garnedu01",2015,70,11,6,0,3,0,2,0,165,"C",1987,8,13,27,-3,0.285714285714286,0.223684210526316,77.406015037594
"gonzaca01",2015,554,150,46,1,25,2,40,6,1305,"OF",1985,10,17,29,-1,0.53971119133574,0.324546952224053,128.580906273976
"hundlni01",2015,366,110,21,1,21,5,10,1,893,"C",1983,9,8,31,1,0.467213114754098,0.339331619537275,121.817396434742
"lemahdj01",2015,564,170,50,1,21,5,6,2,1467,"1B",1988,7,13,26,-4,0.388297872340426,0.358184764991896,114.951981102797
"mckenmi01",2015,127,26,22,2,7,3,4,1,255,"C",1985,3,4,30,0,0.401574803149606,0.328947368421053,111.415250725238
"morneju01",2015,168,52,13,1,10,3,3,0,1324,"1B",1981,5,15,34,4,0.458333333333333,0.362637362637363,124.858058608059
"parkeky01",2015,106,19,6,0,3,1,3,0,40,"1B",1989,9,30,25,-5,0.311320754716981,0.223214285714286,80.650269541779
"paulsbe01",2015,325,90,23,2,19,4,11,3,159,"1B",1987,10,27,27,-3,0.461538461538462,0.325779036827195,118.640226628895
"reyesjo01",2015,193,50,9,0,8,2,3,1,1828,"SS",1983,6,11,32,2,0.367875647668394,0.29064039408867,100.139105132852
"rosarwi01",2015,231,62,8,1,14,1,6,1,388,"C",1989,2,23,26,-4,0.415584415584416,0.294605809128631,107.055019669128
"stubbdr01",2015,102,22,9,1,3,2,5,0,859,"OF",1984,10,4,30,0,0.431372549019608,0.285714285714286,107.50700280112
"tulowtr01",2015,323,97,24,1,19,0,12,3,1268,"SS",1984,10,10,30,0,0.470588235294118,0.347578347578348,123.740573152338
"ynoara01",2015,127,33,3,0,8,1,0,0,60,"2B",1987,8,7,27,-3,0.338582677165354,0.276923076923077,93.8619018776499
"adamecr01",2016,225,49,24,4,7,3,2,0,101,"2B",1991,7,26,24,-6,0.302222222222222,0.304347826086957,94.0714975845411
"arenano01",2016,618,182,68,2,35,6,41,8,1355,"3B",1991,4,16,25,-5,0.56957928802589,0.362068965517241,139.217721236469
"barnebr02",2016,100,22,3,1,6,2,0,0,405,"OF",1986,5,15,30,0,0.32,0.25,86.6
"blackch02",2016,578,187,43,13,35,5,29,4,1245,"OF",1986,7,1,29,-1,0.551903114186851,0.380877742946708,140.305398574698
"cardust01",2016,56,12,3,0,3,1,2,0,27,"1B",1987,8,31,28,-2,0.410714285714286,0.254237288135593,99.1555690072639
"chatwty01",2016,53,10,2,0,0,1,0,0,229,"P",1989,12,16,26,-4,0.226415094339623,0.218181818181818,68.7066895368782
"dahlda01",2016,222,70,15,0,12,4,7,0,280,"OF",1994,4,1,22,-8,0.5,0.358649789029536,129.556962025316
"descada01",2016,250,66,34,1,12,2,8,4,906,"3B",1986,10,19,29,-1,0.424,0.349480968858132,118.026574394464
"garnedu01",2016,68,16,6,0,6,0,1,1,165,"C",1987,8,13,28,-2,0.367647058823529,0.293333333333333,100.594117647059
"gonzaca01",2016,584,174,46,1,42,2,25,1,1305,"OF",1985,10,17,30,0,0.50513698630137,0.349683544303797,128.610846193862
"hundlni01",2016,289,75,25,1,20,1,10,1,893,"C",1983,9,8,32,2,0.439446366782007,0.319620253164557,114.659673251281
"lemahdj01",2016,552,192,66,3,32,8,11,6,1467,"1B",1988,7,13,27,-3,0.494565217391304,0.416267942583732,139.221707925941
"parrage01",2016,368,93,9,1,27,3,7,2,1344,"OF",1987,5,6,29,-1,0.39945652173913,0.271052631578947,100.718821510297
"paulsbe01",2016,92,20,5,0,5,0,1,0,159,"1B",1987,10,27,28,-2,0.304347826086957,0.257731958762887,85.9569699686239
"raburry01",2016,223,49,28,2,10,2,9,3,810,"2B",1981,4,17,35,5,0.403587443946188,0.30859375,108.013242713005
"reynoma01",2016,393,111,42,4,24,0,14,2,1578,"2B",1983,8,3,32,2,0.450381679389313,0.356009070294785,122.631250973672
"storytr01",2016,372,101,35,5,21,4,27,1,827,"SS",1992,11,15,23,-7,0.567204301075269,0.341404358353511,135.189343643417
"wolteto01",2016,205,53,21,0,15,2,3,0,397,"2B",1992,6,9,24,-6,0.395121951219512,0.327433628318584,110.303906755882
"amarial01",2017,168,40,7,0,10,0,3,0,637,"2B",1989,4,6,28,-2,0.351190476190476,0.268571428571429,93.9976190476191
"arenano01",2017,606,187,62,4,43,7,37,6,1355,"3B",1991,4,16,26,-4,0.585808580858086,0.373156342182891,143.323257104472
"blackch02",2017,644,213,65,10,35,14,37,3,1245,"OF",1986,7,1,30,0,0.600931677018634,0.398891966759003,149.921672029043
"desmoia01",2017,339,93,24,4,11,1,7,4,1451,"2B",1985,9,20,31,1,0.374631268436578,0.326145552560647,107.408264357672
"freelky01",2017,52,8,1,0,1,0,1,0,156,"P",1993,5,14,24,-6,0.230769230769231,0.169811320754717,60.5660377358491
"garnedu01",2017,68,14,4,1,7,0,1,0,165,"C",1987,8,13,29,-1,0.352941176470588,0.26027397260274,92.7316680096696
"gonzaca01",2017,470,123,56,2,34,0,14,6,1305,"OF",1985,10,17,31,1,0.423404255319149,0.338951310861423,116.053789146546
"hanigry01",2017,101,27,8,1,2,0,2,1,656,"C",1980,8,16,36,6,0.346534653465347,0.324324324324324,103.427883328873
"lemahdj01",2017,609,189,59,6,28,4,8,5,1467,"1B",1988,7,13,28,-2,0.408866995073892,0.374079528718704,120.487024528973
"lucrojo01",2017,142,44,27,4,6,3,2,2,1154,"C",1986,6,13,31,1,0.436619718309859,0.428571428571429,133.903420523139
"parrage01",2017,392,121,20,4,24,1,10,9,1344,"OF",1987,5,6,30,0,0.451530612244898,0.341176470588235,120.110744297719
"reynoma01",2017,520,139,69,1,22,1,30,3,1578,"2B",1983,8,3,33,3,0.486538461538462,0.352445193929174,126.690134907251
"storytr01",2017,503,120,49,2,32,3,24,1,827,"SS",1992,11,15,24,-6,0.457256461232604,0.308108108108108,114.902799419698
"tapiara01",2017,160,46,8,2,12,2,2,0,453,"OF",1994,2,4,23,-7,0.425,0.329411764705882,114.544117647059
"valaipa01",2017,182,47,7,0,11,0,13,1,303,"2B",1992,9,9,24,-6,0.532967032967033,0.284210526315789,120.443609022556
"wolteto01",2017,229,55,33,2,8,1,0,0,397,"2B",1992,6,9,25,-5,0.283842794759825,0.340909090909091,98.2631996824137
"arenano01",2018,590,175,73,3,38,2,38,6,1355,"3B",1991,4,16,27,-3,0.561016949152542,0.373511904761905,140.164346246973
"blackch02",2018,626,182,59,8,31,7,29,2,1245,"OF",1986,7,1,31,1,0.501597444089457,0.358273381294964,129.696876364723
"cuevano01",2018,146,34,6,1,4,1,2,0,46,"OF",1991,10,2,26,-4,0.315068493150685,0.26797385620915,89.1941982272361
"dahlda01",2018,249,68,19,1,11,3,16,2,280,"OF",1994,4,1,24,-6,0.534136546184739,0.324723247232472,127.887935505861
"desmoia01",2018,555,131,53,6,21,8,22,4,1451,"2B",1985,9,20,32,2,0.421621621621622,0.307443365695793,110.150616636054
"freelky01",2018,65,6,2,0,2,0,0,0,156,"P",1993,5,14,25,-5,0.123076923076923,0.119402985074627,37.4925373134328
"gonzaca01",2018,463,128,37,1,32,4,16,3,1305,"OF",1985,10,17,32,2,0.466522678185745,0.329365079365079,119.933662449861
"grayjo02",2018,52,4,3,0,2,0,0,0,176,"P",1991,11,5,26,-4,0.115384615384615,0.127272727272727,37.9090909090909
"hollima01",2018,53,15,12,0,2,0,2,0,1731,"OF",1980,1,15,38,8,0.433962264150943,0.415384615384615,131.184325108853
"iannech01",2018,299,67,50,7,13,1,11,3,1133,"C",1983,4,8,35,5,0.384615384615385,0.345403899721448,112.172701949861
"lemahdj01",2018,533,147,37,2,32,2,15,7,1467,"1B",1988,7,13,29,-1,0.427767354596623,0.321243523316062,113.433590294452
"marquge01",2018,60,18,0,0,0,0,1,0,172,"P",1995,2,22,23,-7,0.35,0.3,99.5
"mcmahry01",2018,181,42,18,2,9,1,5,1,608,"1B",1994,12,14,23,-7,0.375690607734807,0.306930693069307,104.087303758
"murphto04",2018,93,21,3,0,7,1,2,0,224,"C",1991,4,3,27,-3,0.387096774193548,0.25,95.3225806451613
"parrage01",2018,401,114,32,5,17,0,6,3,1344,"OF",1987,5,6,31,1,0.371571072319202,0.342403628117914,109.936892462721
"storytr01",2018,598,174,47,7,42,6,37,4,827,"SS",1992,11,15,25,-5,0.566889632107023,0.347560975609756,136.256627783669
"valaipa01",2018,122,19,9,0,5,0,2,0,303,"2B",1992,9,9,25,-5,0.245901639344262,0.213740458015267,70.4404955575022
"wolteto01",2018,182,31,26,6,4,4,3,2,397,"2B",1992,6,9,26,-4,0.285714285714286,0.291666666666667,89.6428571428572
"alonsyo01",2019,73,19,10,1,7,0,3,0,911,"1B",1987,4,8,32,2,0.479452054794521,0.357142857142857,126.614481409002
"arenano01",2019,588,185,62,4,31,2,41,8,1355,"3B",1991,4,16,28,-2,0.583333333333333,0.379154078549849,144.081067472306
"blackch02",2019,580,182,40,9,42,7,32,5,1245,"OF",1986,7,1,32,2,0.575862068965517,0.364353312302839,140.445665180028
"dahlda01",2019,374,113,28,4,28,5,15,5,280,"OF",1994,4,1,25,-5,0.524064171122995,0.352798053527981,131.631991881026
"dazayo01",2019,97,20,7,0,1,1,0,1,220,"OF",1994,2,28,25,-5,0.237113402061856,0.257142857142857,77.1104565537555
"desmoia01",2019,443,113,34,2,31,4,20,2,1451,"2B",1985,9,20,33,3,0.478555304740406,0.30977130977131,117.971025375089
"fuentjo01",2019,55,12,1,0,1,0,3,0,142,"1B",1993,2,19,26,-4,0.4,0.232142857142857,93.7857142857143
"hampsga01",2019,299,74,24,0,9,4,8,2,402,"2B",1994,10,10,24,-6,0.384615384615385,0.301538461538462,104.276923076923
"hillisa01",2019,77,21,9,1,4,2,7,0,190,"OF",1994,2,21,25,-5,0.649350649350649,0.35632183908046,148.553515450067
"iannech01",2019,144,32,18,1,10,0,6,1,1133,"C",1983,4,8,36,6,0.416666666666667,0.310975609756098,110.142276422764
"mcmahry01",2019,480,120,56,1,22,1,24,1,608,"1B",1994,12,14,24,-6,0.45,0.328996282527881,117.719330855019
"murphda08",2019,438,122,32,2,35,1,13,4,1348,"OF",1985,4,1,34,4,0.452054794520548,0.327731092436975,117.758719926327
"reynoma01",2019,135,23,22,2,7,0,4,3,1578,"2B",1983,8,3,35,5,0.311111111111111,0.290123456790123,92.6666666666667
"rodgebr02",2019,76,17,4,1,2,0,0,0,272,"2B",1996,8,9,22,-8,0.25,0.271604938271605,81.3888888888889
"storytr01",2019,588,173,58,7,38,5,35,3,827,"SS",1992,11,15,26,-4,0.554421768707483,0.36280487804878,137.379707980753
"tapiara01",2019,426,117,21,0,23,5,9,0,453,"OF",1994,2,4,25,-5,0.415492957746479,0.308724832214765,109.5845543057
"valaipa01",2019,79,15,7,0,5,1,1,0,303,"2B",1992,9,9,26,-4,0.316455696202532,0.255813953488372,87.1857521342361
"wolteto01",2019,359,94,36,8,17,2,1,6,397,"2B",1992,6,9,27,-3,0.328690807799443,0.337408312958435,103.463301346446
"arenano01",2020,182,46,15,0,9,0,8,4,1355,"3B",1991,4,16,29,-1,0.434065934065934,0.303482587064677,111.055437100213
"blackch02",2020,221,67,19,2,12,1,6,5,1245,"OF",1986,7,1,33,3,0.447963800904977,0.356275303643725,122.364848773518
"dahlda01",2020,93,17,4,1,2,2,0,1,280,"OF",1994,4,1,26,-4,0.247311827956989,0.222222222222222,72.1505376344086
"diazel01",2020,68,16,5,0,2,0,2,0,448,"C",1990,11,17,29,-1,0.352941176470588,0.287671232876712,97.6631748589847
"fuentjo01",2020,98,30,2,1,7,0,2,2,142,"1B",1993,2,19,27,-3,0.438775510204082,0.320388349514563,114.710719239152
"hampsga01",2020,167,39,13,0,4,3,5,1,402,"2B",1994,10,10,25,-5,0.383233532934132,0.287292817679558,101.533066463758
"hillisa01",2020,105,22,9,0,2,2,6,0,190,"OF",1994,2,21,26,-4,0.438095238095238,0.271929824561404,105.899749373434
"kempma01",2020,117,28,15,0,3,0,6,0,1622,"OF",1984,9,23,35,5,0.418803418803419,0.325757575757576,113.080808080808
"mcmahry01",2020,172,37,18,2,6,1,9,1,608,"1B",1994,12,14,25,-5,0.418604651162791,0.295336787564767,107.579226412821
"murphda08",2020,123,29,7,0,3,0,3,1,1348,"OF",1985,4,1,35,5,0.333333333333333,0.274809160305344,92.7989821882952
"pillake01",2020,91,28,5,1,5,1,2,0,999,"OF",1989,1,4,31,1,0.450549450549451,0.350515463917526,121.664212076583
"storytr01",2020,235,68,24,0,13,4,11,0,827,"SS",1992,11,15,27,-3,0.519148936170213,0.355212355212355,131.427585640352
"tapiara01",2020,184,59,14,2,8,2,1,3,453,"OF",1994,2,4,26,-4,0.402173913043478,0.369458128078818,118.785071749839
"wolteto01",2020,100,23,6,1,4,0,0,0,397,"2B",1992,6,9,28,-2,0.27,0.280373831775701,85.5672897196262
"blackch02",2021,514,139,54,11,25,4,13,3,1245,"OF",1986,7,1,34,4,0.410505836575875,0.350515463917526,116.458542260018
"croncj01",2021,470,132,60,13,31,1,28,4,731,"1B",1990,1,5,31,1,0.529787234042553,0.374771480804388,136.331206970322
"dazayo01",2021,301,85,21,2,12,2,2,1,220,"OF",1994,2,28,27,-3,0.355481727574751,0.332307692307692,106.028009200102
"diazel01",2021,338,83,30,2,18,1,18,1,448,"C",1990,11,17,30,0,0.464497041420118,0.309973045822102,116.179763632594
"fuentjo01",2021,271,61,12,0,11,1,7,1,142,"1B",1993,2,19,28,-2,0.350553505535055,0.257042253521127,91.83956135336
"hampsga01",2021,453,106,33,3,21,6,11,2,402,"2B",1994,10,10,26,-4,0.379690949227373,0.289205702647658,101.416849876137
"hillisa01",2021,214,46,23,1,7,2,14,0,190,"OF",1994,2,21,27,-3,0.462616822429907,0.294117647058824,113.081363386476
"joeco01",2021,179,51,26,3,9,0,8,3,139,"OF",1992,8,16,28,-2,0.46927374301676,0.37914691943128,129.252032089809
"marquge01",2021,53,14,0,0,5,0,1,0,172,"P",1995,2,22,26,-4,0.415094339622642,0.264150943396226,101.509433962264
"mcmahry01",2021,528,134,59,4,32,1,23,5,608,"1B",1994,12,14,26,-4,0.448863636363636,0.330536912751678,117.848917022575
"nunezdo01",2021,228,43,34,0,12,3,10,1,106,"C",1995,1,17,26,-4,0.399122807017544,0.29277566539924,104.585584684144
"rodgebr02",2021,387,110,19,7,21,3,15,2,272,"2B",1996,8,9,24,-6,0.470284237726098,0.327710843373494,120.124902711622
"storytr01",2021,526,132,53,11,34,5,24,5,827,"SS",1992,11,15,28,-2,0.47148288973384,0.329411764705882,120.586893312458
"tapiara01",2021,487,133,40,1,26,2,6,4,453,"OF",1994,2,4,27,-3,0.371663244353183,0.327067669172932,107.188402217042
"blackch02",2022,530,140,32,8,22,6,16,3,1245,"OF",1986,7,1,35,5,0.418867924528302,0.31413612565445,110.99733280648
"bouchse01",2022,74,22,21,1,6,0,3,1,26,"OF",1996,5,16,26,-4,0.5,0.45360824742268,146.649484536082
"bryankr01",2022,160,49,17,2,12,0,5,2,1007,"1B",1992,1,4,30,0,0.475,0.375690607734807,129.374309392265
"croncj01",2022,575,148,43,8,28,3,29,5,731,"1B",1990,1,5,32,2,0.467826086956522,0.315372424722662,117.584427754427
"dazayo01",2022,372,112,26,4,21,2,2,5,220,"OF",1994,2,28,28,-2,0.384408602150538,0.348894348894349,112.774101080553
"diazel01",2022,351,80,25,2,18,2,9,3,448,"C",1990,11,17,31,1,0.367521367521368,0.280839895013123,98.32895888014
"grichra01",2022,506,131,24,6,21,3,19,2,927,"OF",1991,8,13,30,0,0.424901185770751,0.299256505576208,109.103325153915
"hampsga01",2022,199,42,21,1,7,3,2,2,402,"2B",1994,10,10,27,-3,0.306532663316583,0.286995515695067,91.5084390562679
"hillisa01",2022,174,32,23,1,6,1,2,2,190,"OF",1994,2,21,28,-2,0.264367816091954,0.28,84.767816091954
"iglesjo01",2022,439,128,17,8,30,0,3,3,1071,"SS",1990,1,5,32,2,0.380410022779043,0.32762312633833,108.425465702175
"joeco01",2022,404,96,55,7,20,4,7,1,139,"OF",1992,8,16,29,-1,0.358910891089109,0.338329764453961,107.557773443297
"mcmahry01",2022,529,130,60,5,23,3,20,3,608,"1B",1994,12,14,27,-3,0.413988657844991,0.326633165829146,112.612495369095
"monteel01",2022,176,41,8,1,15,1,6,0,39,"1B",1998,8,17,23,-7,0.431818181818182,0.27027027027027,104.785012285012
"rodgebr02",2022,527,140,46,3,30,3,13,5,272,"2B",1996,8,9,25,-5,0.407969639468691,0.325301204819277,111.5902699984
"servebr01",2022,187,38,13,2,4,1,6,1,61,"1B",1995,5,5,27,-3,0.331550802139037,0.261083743842365,90.0966781697005
"toglimi01",2022,111,24,9,0,8,2,2,0,32,"1B",1998,8,16,23,-7,0.378378378378378,0.275,98.6891891891892
"trejoal01",2022,118,32,5,2,6,0,4,0,54,"2B",1996,5,30,26,-4,0.423728813559322,0.312,111.244745762712
